"Location","Allele","Consequence","SYMBOL","IMPACT","AF"
"chr1:211686583","A","splice_donor_variant,non_coding_transcript_variant","-","HIGH","-"
"chr11:48245184","G","stop_gained","OR4X2","HIGH","-"
"chr11:61958128-61958144","TCCTCCTCCTCCTCCTCCTCCTCCCA","splice_acceptor_variant,splice_polypyrimidine_tract_variant,intron_variant","BEST1","HIGH","-"
"chr11:61958128-61958144","TCCTCCTCCTCCTCCTCCTCCTCCCA","splice_acceptor_variant,splice_polypyrimidine_tract_variant,intron_variant","BEST1","HIGH","-"
"chr11:61958128-61958144","TCCTCCTCCTCCTCCTCCTCCTCCCA","splice_acceptor_variant,splice_polypyrimidine_tract_variant,intron_variant,non_coding_transcript_variant","BEST1","HIGH","-"
"chr11:61958128-61958144","TCCTCCTCCTCCTCCTCCTCCTCCCA","splice_acceptor_variant,splice_polypyrimidine_tract_variant,intron_variant,NMD_transcript_variant","BEST1","HIGH","-"
"chr11:61958128-61958144","TCCTCCTCCTCCTCCTCCTCCTCCCA","splice_acceptor_variant,splice_polypyrimidine_tract_variant,intron_variant","BEST1","HIGH","-"
"chr11:61958128-61958144","TCCTCCTCCTCCTCCTCCTCCTCCCA","splice_acceptor_variant,splice_polypyrimidine_tract_variant,intron_variant,non_coding_transcript_variant","BEST1","HIGH","-"
"chr17:21295771","A","splice_donor_variant,NMD_transcript_variant","MAP2K3","HIGH","-"
"chr17:21295771","A","splice_donor_variant,NMD_transcript_variant","MAP2K3","HIGH","-"
"chr17:21295771","A","splice_donor_variant","MAP2K3","HIGH","-"
"chr17:21295771","A","splice_donor_variant","MAP2K3","HIGH","-"
"chr17:63827364-63827368","CCTCA","splice_donor_variant,splice_donor_region_variant,intron_variant,non_coding_transcript_variant","FTSJ3","HIGH","-"
"chr17:63827364-63827368","CCTCA","splice_donor_variant,splice_donor_region_variant,intron_variant","FTSJ3","HIGH","-"
"chr17:63827364-63827368","CCTCA","splice_donor_variant,splice_donor_region_variant,intron_variant","FTSJ3","HIGH","-"
